Individual name,Song name,Syllable Number,Element Number,Peak frequency Mean,Peak frequency Variance,Peak frequency Maximum,Peak frequency Minimum
Amazona-auropalliata-664,Amazona-auropalliata-664.wav,1,1,868.6296,69811.04,1679.59,473.7305
Amazona-auropalliata-664,Amazona-auropalliata-664.wav,2,2,523.5029,28159.59,882.8613,301.4648
Amazona-auropalliata-664,Amazona-auropalliata-664.wav,3,3,430.2276,2154.18,559.8633,322.998
Amazona-auropalliata-664,Amazona-auropalliata-664.wav,4,4,415.86,651.3032,452.1973,344.5313
Amazona-auropalliata-664,Amazona-auropalliata-664.wav,5,5,435.2381,21613.81,775.1953,129.1992
Amazona-auropalliata-664,Amazona-auropalliata-664.wav,6,6,871.7147,10591.76,1098.193,667.5293
Amazona-auropalliata-664,Amazona-auropalliata-664.wav,7,7,603.4344,13906.47,796.7285,387.5977
Amazona-auropalliata-664,Amazona-auropalliata-664.wav,8,8,408.5857,1093.505,452.1973,344.5313
Amazona-auropalliata-664,Amazona-auropalliata-664.wav,9,9,413.7043,268.6963,452.1973,387.5977
Amazona-auropalliata-664,Amazona-auropalliata-664.wav,10,10,846.3661,2819.614,1033.594,689.0625
Amazona-auropalliata-664,Amazona-auropalliata-664.wav,11,11,712.0103,6847.475,861.3281,473.7305
Amazona-auropalliata-664,Amazona-auropalliata-664.wav,12,12,843.1653,7047.038,1205.859,689.0625
Amazona-auropalliata-664,Amazona-auropalliata-664.wav,13,13,796.4893,828.3122,839.7949,710.5957
Amazona-ochrocephala,Amazona-ochrocephala-12092.wav,1,1,1094.07,227706.7,2196.387,516.7969
Amazona-ochrocephala,Amazona-ochrocephala-12092.wav,2,2,1360.104,259293.3,2196.387,904.3945
Amazona-ochrocephala,Amazona-ochrocephala-12092.wav,3,3,1360.848,196332.1,2196.387,689.0625
Amazona-ochrocephala,Amazona-ochrocephala-12092.wav,4,4,1268.974,381472.4,2325.586,559.8633
Amazona-ochrocephala,Amazona-ochrocephala-12092.wav,5,5,1510.575,247178.7,2282.52,990.5273
Amazona-ochrocephala,Amazona-ochrocephala-12092.wav,6,6,1619.454,250730.6,2325.586,904.3945
Amazona-ochrocephala,Amazona-ochrocephala-12092.wav,7,7,1378.125,233096.6,2239.453,775.1953
Amazona-ochrocephala,Amazona-ochrocephala-12092.wav,8,8,1068.228,111995,1981.055,732.1289
Amazona-ochrocephala,Amazona-ochrocephala-12092.wav,9,9,696.0462,43815.85,1205.859,495.2637
Amazona-ochrocephala,Amazona-ochrocephala-12092.wav,10,10,468.2905,10644.57,624.4629,215.332
Amazona-ochrocephala,Amazona-ochrocephala-12092.wav,11,11,487.3682,13611.2,667.5293,215.332
Amazona-ochrocephala,Amazona-ochrocephala-12092.wav,12,12,544.1073,4475.066,667.5293,452.1973
Amazona-ochrocephala,Amazona-ochrocephala-12092.wav,13,13,458.9443,3031.879,624.4629,322.998
Amazona-ochrocephala,Amazona-ochrocephala-12092.wav,14,14,637.8074,16458.83,925.9277,495.2637
Amazona-ochrocephala,Amazona-ochrocephala-12092.wav,15,15,466.1378,7861.013,1119.727,215.332
Amazona-ochrocephala,Amazona-ochrocephala-12092.wav,16,16,536.0288,10559.41,882.8613,430.6641
Amazona-ochrocephala,Amazona-ochrocephala-12092.wav,17,17,505.0364,5004.22,753.6621,387.5977
Amazona-ochrocephala,Amazona-ochrocephala-12092.wav,18,18,536.3336,8496.766,839.7949,430.6641
Amazona-ochrocephala,Amazona-ochrocephala-12092.wav,19,19,476.4013,4115.206,645.9961,430.6641
Amazona-ochrocephala,Amazona-ochrocephala-12092.wav,21,20,531.82,3897.88,689.0625,473.7305
Amazona-ochrocephala,Amazona-ochrocephala-12092.wav,21,21,1558.673,415538.7,2196.387,452.1973
Amazona-ochrocephala,Amazona-ochrocephala-12092.wav,22,22,510.5164,5155.188,667.5293,430.6641
Amazona-ochrocephala,Amazona-ochrocephala-12092.wav,23,23,677.9486,49024.41,1356.592,387.5977
Amazona-ochrocephala,Amazona-ochrocephala-12092.wav,24,24,1317.55,538542.2,2239.453,495.2637
Amazona-ochrocephala,Amazona-ochrocephala-12092.wav,25,25,458.5087,374.3372,495.2637,430.6641
Amazona-ochrocephala,Amazona-ochrocephala-12092.wav,26,26,414.7657,6389.463,516.7969,193.7988
Amazona-ochrocephala,Amazona-ochrocephala-12092.wav,27,27,577.5398,15440.86,947.4609,430.6641
Amazona-ochrocephala,Amazona-ochrocephala-12092.wav,28,28,485.7943,20780.95,1184.326,215.332
Amazona-ochrocephala,Amazona-ochrocephala-12092.wav,29,29,1287.235,541406.7,2174.854,495.2637
Amazona-ochrocephala,Amazona-ochrocephala-12092.wav,30,30,490.5825,7863.852,710.5957,322.998
Amazona-ochrocephala,Amazona-ochrocephala-12092.wav,32,31,672.0626,53840.83,1378.125,495.2637
Amazona-ochrocephala,Amazona-ochrocephala-12092.wav,32,32,1990.723,90592.44,2153.32,990.5273
Amazona-ochrocephala,Amazona-ochrocephala-12092.wav,33,33,469.2972,1701.731,538.3301,387.5977
Amazona-ochrocephala,Amazona-ochrocephala-12092.wav,34,34,546.405,18942.3,904.3945,215.332
Amazona-ochrocephala,Amazona-ochrocephala-12092.wav,35,35,1769.312,223401.5,2196.387,645.9961
Amazona-ochrocephala,Amazona-ochrocephala-12092.wav,36,36,472.7453,4217.89,710.5957,366.0645
Amazona-ochrocephala,Amazona-ochrocephala-12092.wav,37,37,1725.647,283762.4,2282.52,645.9961
Amazona-ochrocephala,Amazona-ochrocephala-12092.wav,39,38,511.0547,2356.775,602.9297,430.6641
Amazona-ochrocephala,Amazona-ochrocephala-12092.wav,39,39,1987.58,113750.7,2239.453,645.9961
Amazona-ochrocephala,Amazona-ochrocephala-12092.wav,40,40,472.3299,4171.132,753.6621,409.1309
Amazona-ochrocephala,Amazona-ochrocephala-12092.wav,41,41,569.5313,9448.639,882.8613,495.2637
Amazona-ochrocephala,Amazona-ochrocephala-12092.wav,42,42,486.2336,6756.835,667.5293,215.332
Amazona-ochrocephala,Amazona-ochrocephala-12092.wav,44,43,687.7374,39497.86,1291.992,495.2637
Amazona-ochrocephala,Amazona-ochrocephala-12092.wav,44,44,1810.225,183520.4,2239.453,516.7969
Amazona-ochrocephala,Amazona-ochrocephala-12092.wav,45,45,454.7073,5480.527,602.9297,279.9316
Amazona-ochrocephala,Amazona-ochrocephala-12092.wav,46,46,806.7347,330642.7,2196.387,344.5313
Amazona-ochrocephala,Amazona-ochrocephala-12092.wav,47,47,861.0149,378304.3,2174.854,387.5977
Amazona-ochrocephala,Amazona-ochrocephala-12092.wav,48,48,605.3223,40667.32,1205.859,366.0645
Amazona-ochrocephala,Amazona-ochrocephala-12092.wav,49,49,479.0039,6819.203,753.6621,301.4648
Amazona-ochrocephala,Amazona-ochrocephala-12092.wav,50,50,713.3301,54347.53,1356.592,495.2637
Amazona-ochrocephala,Amazona-ochrocephala-12092.wav,51,51,478.8446,6161.898,925.9277,366.0645
Amazona-ochrocephala,Amazona-ochrocephala-12092.wav,52,52,612.0928,10417.55,947.4609,495.2637
Amazona-ochrocephala,Amazona-ochrocephala-12092.wav,53,53,524.5163,3482.187,667.5293,452.1973
Amazona-ochrocephala,Amazona-ochrocephala-12092.wav,54,54,881.9214,427439,2282.52,430.6641
Amazona-ochrocephala,Amazona-ochrocephala-12092.wav,55,55,428.9181,6063.332,538.3301,236.8652
Amazona-ochrocephala,Amazona-ochrocephala-12092.wav,56,56,692.9455,67596.77,1335.059,387.5977
Amazona-ochrocephala,Amazona-ochrocephala-12092.wav,57,57,497.9894,6035.115,925.9277,387.5977
Amazona-ochrocephala,Amazona-ochrocephala-12092.wav,58,58,585.3116,36769.58,1055.127,387.5977
Amazona-ochrocephala,Amazona-ochrocephala-12092.wav,59,59,436.6578,3513.741,581.3965,366.0645
Amazona-ochrocephala,Amazona-ochrocephala-12092.wav,60,60,703.8666,37725.43,1313.525,538.3301
Amazona-ochrocephala,Amazona-ochrocephala-12092.wav,61,61,508.4229,10115.97,1098.193,344.5313
Amazona-ochrocephala,Amazona-ochrocephala-12092.wav,62,62,585.1091,35860.07,1033.594,236.8652
Amazona-ochrocephala,Amazona-ochrocephala-12092.wav,63,63,513.526,6262.188,882.8613,430.6641
Amazona-ochrocephala,Amazona-ochrocephala-12092.wav,64,64,635.406,36346.59,1119.727,322.998
Amazona-ochrocephala,Amazona-ochrocephala-12092.wav,65,65,485.9775,13109.12,1076.66,366.0645
Amazona-ochrocephala,Amazona-ochrocephala-12092.wav,66,66,705.6265,53537.07,1270.459,495.2637
Amazona-ochrocephala,Amazona-ochrocephala-12092.wav,67,67,540.4834,36296.43,1701.123,366.0645
Amazona-ochrocephala,Amazona-ochrocephala-12092.wav,68,68,759.1192,265376.1,2153.32,301.4648
Amazona-ochrocephala,Amazona-ochrocephala-12092.wav,69,69,792.1199,256908.3,2002.588,344.5313
Amazona-ochrocephala,Amazona-ochrocephala-12092.wav,70,70,571.1594,54105.24,1162.793,279.9316
Amazona-ochrocephala,Amazona-ochrocephala-12092.wav,71,71,803.8003,342939.9,2217.92,366.0645
Amazona-ochrocephala,Amazona-ochrocephala-12092.wav,72,72,658.1519,8522.888,1098.193,559.8633
Amazona-ochrocephala,Amazona-ochrocephala-12092.wav,73,73,590.7032,31541.88,1636.523,430.6641
Amazona-ochrocephala,Amazona-ochrocephala-12092.wav,74,74,600.5371,70230.95,1313.525,301.4648
Amazona-ochrocephala,Amazona-ochrocephala-12092.wav,75,75,681.167,43601,1076.66,452.1973
Amazona-ochrocephala,Amazona-ochrocephala-12092.wav,76,76,518.2955,6071.598,968.9941,409.1309
Amazona-ochrocephala,Amazona-ochrocephala-12092.wav,77,77,664.5071,22528.81,1205.859,538.3301
Amazona-ochrocephala,Amazona-ochrocephala-12092.wav,78,78,495.4977,2542.535,602.9297,409.1309
Amazona-ochrocephala,Amazona-ochrocephala-12092.wav,79,79,613.6963,2227.064,710.5957,559.8633
Amazona-ochrocephala,Amazona-ochrocephala-12092.wav,80,80,474.473,4362.057,689.0625,236.8652
Amazona-ochrocephala,Amazona-ochrocephala-12092.wav,81,81,1838.074,143187.1,2196.387,1033.594
Amazona-ochrocephala,Amazona-ochrocephala-12092.wav,82,82,499.3329,7019.452,753.6621,409.1309
Amazona-ochrocephala,Amazona-ochrocephala-12092.wav,84,83,754.3567,68213.51,1313.525,516.7969
Amazona-ochrocephala,Amazona-ochrocephala-12092.wav,84,84,1630.371,390080,2110.254,430.6641
Amazona-ochrocephala,Amazona-ochrocephala-12092.wav,85,85,496.2853,7915.462,710.5957,344.5313
Anodorhynchus-hyacinthinus-52745,Anodorhynchus-hyacinthinus-52745.wav,1,1,624.4629,574.5586,667.5293,581.3965
Anodorhynchus-hyacinthinus-52745,Anodorhynchus-hyacinthinus-52745.wav,2,2,782.1297,8202.608,1012.061,645.9961
Anodorhynchus-hyacinthinus-52745,Anodorhynchus-hyacinthinus-52745.wav,3,3,638.3057,399.9867,667.5293,602.9297
Anodorhynchus-hyacinthinus-52745,Anodorhynchus-hyacinthinus-52745.wav,4,4,772.1907,697.3155,818.2617,710.5957
Anodorhynchus-hyacinthinus-52745,Anodorhynchus-hyacinthinus-52745.wav,5,5,675.5352,5143.932,796.7285,495.2637
Anodorhynchus-hyacinthinus-52745,Anodorhynchus-hyacinthinus-52745.wav,6,6,353.0982,4930.517,473.7305,172.2656
Ara-macao-717.wav,Ara-macao-717.wav,1,1,647.6061,21379.1,1076.66,86.13281
Ara-macao-717.wav,Ara-macao-717.wav,2,2,1017.72,3962.533,1335.059,775.1953
Ara-macao-717.wav,Ara-macao-717.wav,3,3,1005.799,9807.066,1421.191,818.2617
Ara-macao-717.wav,Ara-macao-717.wav,4,4,864.3328,12646.57,1033.594,516.7969
Ara-macao-717.wav,Ara-macao-717.wav,5,5,895.3645,5542.078,990.5273,689.0625
Ara-macao-717.wav,Ara-macao-717.wav,6,6,1069.411,16523.03,1378.125,645.9961
Ara-macao-717.wav,Ara-macao-717.wav,7,7,719.2733,8206.549,990.5273,344.5313
Ara-macao-717.wav,Ara-macao-717.wav,8,8,977.3203,4710.643,1205.859,818.2617
Ara-macao-717.wav,Ara-macao-717.wav,9,9,951.2292,1746.426,1033.594,861.3281
Ara-macao-717.wav,Ara-macao-717.wav,10,10,795.0195,5972.506,904.3945,689.0625
Ara-macao-717.wav,Ara-macao-717.wav,11,11,998.8835,4397.968,1335.059,861.3281
Ara-macao-717.wav,Ara-macao-717.wav,12,12,947.4609,1854.715,1033.594,904.3945
Bolborhynchus-lineola-97675,Bolborhynchus-lineola-97675.wav,1,1,1178.125,38449.62,1500,843.75
Bolborhynchus-lineola-97675,Bolborhynchus-lineola-97675.wav,2,2,1630.894,113655.2,2156.25,867.1875
Bolborhynchus-lineola-97675,Bolborhynchus-lineola-97675.wav,3,3,1373.766,103866.9,2273.438,656.25
Bolborhynchus-lineola-97675,Bolborhynchus-lineola-97675.wav,4,4,1737.942,72043.87,2320.313,1382.813
Bolborhynchus-lineola-97675,Bolborhynchus-lineola-97675.wav,5,5,1673.921,355098.8,2906.25,937.5
Bolborhynchus-lineola-97675,Bolborhynchus-lineola-97675.wav,6,6,1601.563,113989,2132.813,750
Bolborhynchus-lineola-97675,Bolborhynchus-lineola-97675.wav,7,7,1173.371,41017.32,1570.313,984.375
Bolborhynchus-lineola-97675,Bolborhynchus-lineola-97675.wav,8,8,1655.134,3926.304,1757.813,1570.313
Bolborhynchus-lineola-97675,Bolborhynchus-lineola-97675.wav,9,9,2238.999,18976.64,2414.063,1546.875
Bolborhynchus-lineola-97675,Bolborhynchus-lineola-97675.wav,10,10,1052.837,24329.72,1710.938,890.625
Bolborhynchus-lineola-97675,Bolborhynchus-lineola-97675.wav,11,11,1233.173,179858.9,1804.688,750
Bolborhynchus-lineola-97675,Bolborhynchus-lineola-97675.wav,12,12,1148.438,34740.55,1453.125,937.5
Bolborhynchus-lineola-97675,Bolborhynchus-lineola-97675.wav,13,13,1617.307,128616.1,2156.25,703.125
Bolborhynchus-lineola-97675,Bolborhynchus-lineola-97675.wav,14,14,1195.801,48865.54,1570.313,937.5
Bolborhynchus-lineola-97675,Bolborhynchus-lineola-97675.wav,15,15,1657.5,6981.812,1734.375,1476.563
Bolborhynchus-lineola-97675,Bolborhynchus-lineola-97675.wav,16,16,2346.608,14562.24,2460.938,2039.063
Bolborhynchus-lineola-97675,Bolborhynchus-lineola-97675.wav,17,17,1073.057,71598.36,1898.438,843.75
Bolborhynchus-lineola-97675,Bolborhynchus-lineola-97675.wav,18,18,1106.836,36099.6,1593.75,867.1875
Bolborhynchus-lineola-97675,Bolborhynchus-lineola-97675.wav,19,19,2009.766,82829.07,2601.563,1734.375
Bolborhynchus-lineola-97675,Bolborhynchus-lineola-97675.wav,20,20,1629.132,49790.41,1828.125,1007.813
Bolborhynchus-lineola-97675,Bolborhynchus-lineola-97675.wav,21,21,1508.732,86249.05,1968.75,679.6875
Bolborhynchus-lineola-97675,Bolborhynchus-lineola-97675.wav,22,22,1142.361,68533.65,1757.813,843.75
Bolborhynchus-lineola-97675,Bolborhynchus-lineola-97675.wav,23,23,1482.955,1265.092,1546.875,1429.688
Bolborhynchus-lineola-97675,Bolborhynchus-lineola-97675.wav,24,24,2105.769,12998,2226.563,1757.813
Bolborhynchus-lineola-97675,Bolborhynchus-lineola-97675.wav,25,25,1683.984,11071.16,1875,1359.375
Bolborhynchus-lineola-97675,Bolborhynchus-lineola-97675.wav,26,26,2143.466,36659.14,2484.375,1968.75
Bolborhynchus-lineola-97675,Bolborhynchus-lineola-97675.wav,27,27,2258.152,27596.09,2812.5,2132.813
Bolborhynchus-lineola-97675,Bolborhynchus-lineola-97675.wav,28,28,1484.747,2377.277,1546.875,1406.25
Bolborhynchus-lineola-97675,Bolborhynchus-lineola-97675.wav,29,29,2022.017,13716.26,2203.125,1851.563
Bolborhynchus-lineola-97675,Bolborhynchus-lineola-97675.wav,30,30,1623.162,21207.82,1921.875,1312.5
Cyanoliseus-patagonus-2490,Cyanoliseus-patagonus-2490.wav,1,1,871.5127,53985.12,1248.926,473.7305
Cyanoliseus-patagonus-2490,Cyanoliseus-patagonus-2490.wav,2,2,944.3506,12579.54,1119.727,602.9297
Cyanoliseus-patagonus-2490,Cyanoliseus-patagonus-2490.wav,3,3,883.3507,15303.81,1033.594,602.9297
Cyanoliseus-patagonus-2490,Cyanoliseus-patagonus-2490.wav,4,4,929.536,14887.63,1162.793,645.9961
Cyanoliseus-patagonus-2490,Cyanoliseus-patagonus-2490.wav,5,5,908.1945,9632.189,1119.727,645.9961
Cyanoliseus-patagonus-2490,Cyanoliseus-patagonus-2490.wav,6,6,877.1435,17484.17,1076.66,559.8633
Cyanoliseus-patagonus-2490,Cyanoliseus-patagonus-2490.wav,7,7,844.5549,11787.54,990.5273,516.7969
Cyanoliseus-patagonus-2490,Cyanoliseus-patagonus-2490.wav,8,8,819.893,3551.01,947.4609,689.0625
Cyanoliseus-patagonus-2490,Cyanoliseus-patagonus-2490.wav,9,9,937.6172,6617.892,1119.727,732.1289
Cyanoliseus-patagonus-2490,Cyanoliseus-patagonus-2490.wav,10,10,843.1949,9553.794,1033.594,516.7969
Cyanoliseus-patagonus-2490,Cyanoliseus-patagonus-2490.wav,11,11,930.8746,18636.07,1119.727,602.9297
Cyanoliseus-patagonus-2490,Cyanoliseus-patagonus-2490.wav,12,12,878.6063,8895.033,1033.594,602.9297
Cyanoliseus-patagonus-2490,Cyanoliseus-patagonus-2490.wav,13,13,903.1848,7867.97,1076.66,645.9961
Cyanoliseus-patagonus-2490,Cyanoliseus-patagonus-2490.wav,14,14,833.26,10957.86,1033.594,516.7969
Cyanoliseus-patagonus-2490,Cyanoliseus-patagonus-2490.wav,15,15,922.5278,8211.996,1119.727,559.8633
Cyanoliseus-patagonus-2490,Cyanoliseus-patagonus-2490.wav,16,16,885.8713,12006.44,1076.66,602.9297
Cyanoliseus-patagonus-2490,Cyanoliseus-patagonus-2490.wav,17,17,972.35,7680.278,1119.727,732.1289
Cyanoliseus-patagonus-2490,Cyanoliseus-patagonus-2490.wav,18,18,889.4046,11922.44,1033.594,473.7305
Cyanoliseus-patagonus-2490,Cyanoliseus-patagonus-2490.wav,19,19,912.6313,7157.021,1033.594,559.8633
Cyanoliseus-patagonus-2490,Cyanoliseus-patagonus-2490.wav,20,20,922.1278,8767.959,1076.66,559.8633
Cyanoliseus-patagonus-2490,Cyanoliseus-patagonus-2490.wav,21,21,871.7617,8010.962,1033.594,559.8633
Cyanoliseus-patagonus-2490,Cyanoliseus-patagonus-2490.wav,22,22,920.1427,4923.81,1033.594,732.1289
Cyanoliseus-patagonus-2490.wav,Cyanoliseus-patagonus-2490.wav,1,1,797.5785,58342.97,1507.324,559.8633
Cyanoliseus-patagonus-2490.wav,Cyanoliseus-patagonus-2490.wav,2,2,967.5898,12200.63,1162.793,602.9297
Cyanoliseus-patagonus-2490.wav,Cyanoliseus-patagonus-2490.wav,3,3,960.0421,7469.253,1119.727,645.9961
Cyanoliseus-patagonus-2490.wav,Cyanoliseus-patagonus-2490.wav,4,4,946.7511,8678.741,1119.727,645.9961
Cyanoliseus-patagonus-2490.wav,Cyanoliseus-patagonus-2490.wav,5,5,935.8576,10548.59,1076.66,602.9297
Cyanoliseus-patagonus-2490.wav,Cyanoliseus-patagonus-2490.wav,6,6,901.4937,19263.19,1076.66,559.8633
Cyanoliseus-patagonus-2490.wav,Cyanoliseus-patagonus-2490.wav,7,7,836.9673,13864.67,1033.594,516.7969
Cyanoliseus-patagonus-2490.wav,Cyanoliseus-patagonus-2490.wav,8,8,773.5658,6861.793,1033.594,559.8633
Cyanoliseus-patagonus-2490.wav,Cyanoliseus-patagonus-2490.wav,9,9,927.1512,6590.683,1076.66,689.0625
Cyanoliseus-patagonus-2490.wav,Cyanoliseus-patagonus-2490.wav,10,10,836.0823,14153.8,1033.594,516.7969
Cyanoliseus-patagonus-2490.wav,Cyanoliseus-patagonus-2490.wav,11,11,952.3746,14976.33,1119.727,602.9297
Cyanoliseus-patagonus-2490.wav,Cyanoliseus-patagonus-2490.wav,12,12,872.4512,9730.172,1033.594,344.5313
Cyanoliseus-patagonus-2490.wav,Cyanoliseus-patagonus-2490.wav,13,13,916.3123,6735.949,1076.66,689.0625
Cyanoliseus-patagonus-2490.wav,Cyanoliseus-patagonus-2490.wav,14,14,929.3401,5774.086,1033.594,645.9961
Cyanoliseus-patagonus-2490.wav,Cyanoliseus-patagonus-2490.wav,15,15,938.7628,10271.81,1119.727,645.9961
Cyanoliseus-patagonus-2490.wav,Cyanoliseus-patagonus-2490.wav,16,16,903.4157,6765.784,990.5273,516.7969
Cyanoliseus-patagonus-2490.wav,Cyanoliseus-patagonus-2490.wav,17,17,904.6099,11976.38,1076.66,473.7305
Cyanoliseus-patagonus-2490.wav,Cyanoliseus-patagonus-2490.wav,18,18,836.8775,12429.47,904.3945,559.8633
Cyanoliseus-patagonus-2490.wav,Cyanoliseus-patagonus-2490.wav,19,19,877.9291,11549.27,990.5273,473.7305
Cyanoliseus-patagonus-2490.wav,Cyanoliseus-patagonus-2490.wav,20,20,890.4219,19485.4,1076.66,344.5313
Cyanoliseus-patagonus-2490.wav,Cyanoliseus-patagonus-2490.wav,21,21,954.5247,7161.523,1162.793,732.1289
Cyanoliseus-patagonus-2490.wav,Cyanoliseus-patagonus-2490.wav,22,22,898.9842,7342.605,990.5273,602.9297
Cyanoliseus-patagonus-2490.wav,Cyanoliseus-patagonus-2490.wav,23,23,895.8876,4650.371,947.4609,645.9961
Forpus -Spengeli,Forpus-spengeli-165598.wav,1,1,4610.742,1739636,5953.125,1875
Forpus -Spengeli,Forpus-spengeli-165598.wav,2,2,4371.875,74393.86,4781.25,3656.25
Forpus -Spengeli,Forpus-spengeli-165598.wav,3,3,5091.797,62111.99,5343.75,4546.875
Forpus -Spengeli,Forpus-spengeli-165598.wav,4,4,4802.377,1625398,5765.625,1640.625
Forpus -Spengeli,Forpus-spengeli-165598.wav,5,5,1750,585.9375,1781.25,1734.375
Forpus -Spengeli,Forpus-spengeli-165598.wav,6,6,5292.739,277034.9,5859.375,3093.75
Forpus -Spengeli,Forpus-spengeli-165598.wav,7,7,4349.564,1302200,5812.5,1500
Forpus -Spengeli,Forpus-spengeli-165598.wav,8,8,3476.563,32885.74,3750,3281.25
Forpus -Spengeli,Forpus-spengeli-165598.wav,9,9,4495.151,372333.7,5578.125,3187.5
Forpus -Spengeli,Forpus-spengeli-165598.wav,10,10,4636.607,675254.8,6328.125,3046.875
Forpus -Spengeli,Forpus-spengeli-165598.wav,11,11,4985.795,533108,6328.125,3890.625
Forpus -Spengeli,Forpus-spengeli-165598.wav,12,12,5503.125,20434.57,5671.875,5343.75
Forpus -Spengeli,Forpus-spengeli-165598.wav,13,13,4145.508,135635.4,4546.875,3609.375
Forpus -Spengeli,Forpus-spengeli-165598.wav,14,14,5689.453,384338.4,6468.75,4921.875
Forpus -Spengeli,Forpus-spengeli-165598.wav,15,15,5372.48,280909.8,6375,4406.25
Forpus -Spengeli,Forpus-spengeli-165598.wav,16,16,2268.75,220385.7,3046.875,1875
Forpus -Spengeli,Forpus-spengeli-165598.wav,17,17,5156.25,447539.1,6515.625,3281.25
Forpus -Spengeli,Forpus-spengeli-165598.wav,18,18,4226.563,4532693,6843.75,1359.375
Forpus -Spengeli,Forpus-spengeli-165598.wav,19,19,4031.25,19461.5,4218.75,3843.75
Forpus -Spengeli,Forpus-spengeli-165598.wav,20,20,4751.116,175986.5,5671.875,4078.125
Forpus -Spengeli,Forpus-spengeli-165598.wav,21,21,5361.02,166555.3,5718.75,4359.375
Forpus -Spengeli,Forpus-spengeli-165598.wav,22,22,4802.885,240333.5,5578.125,3609.375
Forpus -Spengeli,Forpus-spengeli-165598.wav,23,23,5450.893,9271.978,5625,5296.875
Forpus -Spengeli,Forpus-spengeli-165598.wav,24,24,4830.357,322939.4,5953.125,3375
Forpus -Spengeli,Forpus-spengeli-165598.wav,25,25,5418.75,500873.2,6468.75,4218.75
Forpus -Spengeli,Forpus-spengeli-165598.wav,26,26,2268.75,13842.77,2390.625,2156.25
Forpus -Spengeli,Forpus-spengeli-165598.wav,27,27,4871.767,536739,6000,2671.875
Forpus -Spengeli,Forpus-spengeli-165598.wav,28,28,3988.636,5033.736,4031.25,3796.875
Forpus -Spengeli,Forpus-spengeli-165598.wav,29,29,5261.719,1038237,6562.5,3468.75
Forpus -Spengeli,Forpus-spengeli-165598.wav,30,30,4172.894,433739.2,4968.75,2296.875
Forpus -Spengeli,Forpus-spengeli-165598.wav,31,31,4404.871,638869.7,6046.875,3375
Forpus -Spengeli,Forpus-spengeli-165598.wav,32,32,1784.18,289037.9,2906.25,796.875
Forpus -Spengeli,Forpus-spengeli-165598.wav,33,33,4012.5,138769.5,4453.125,3609.375
Forpus -Spengeli,Forpus-spengeli-165598.wav,34,34,5383.929,258126.4,5906.25,4781.25
Forpus -Spengeli,Forpus-spengeli-165598.wav,35,35,5440.104,109726.8,5953.125,4640.625
Forpus -Spengeli,Forpus-spengeli-165598.wav,36,36,4269.886,790996.6,5250,2718.75
Forpus -Spengeli,Forpus-spengeli-165598.wav,37,37,5780.273,4898.071,5906.25,5625
Forpus -Spengeli,Forpus-spengeli-165598.wav,38,38,4569.01,875451.7,5437.5,2625
Forpus -Spengeli,Forpus-spengeli-165598.wav,39,39,4923.611,588610.5,5671.875,2906.25
Forpus -Spengeli,Forpus-spengeli-165598.wav,40,40,5136.418,717921,5953.125,3281.25
Forpus -Spengeli,Forpus-spengeli-165598.wav,41,41,3301.758,2179092,4921.875,1875
Forpus -Spengeli,Forpus-spengeli-165598.wav,42,42,5087.993,642627.2,6750,3375
Forpus -Spengeli,Forpus-spengeli-165598.wav,43,43,5327.206,402550,6468.75,4171.875
Forpus -Spengeli,Forpus-spengeli-165598.wav,44,44,3885.417,247357.5,4406.25,3187.5
Forpus -Spengeli,Forpus-spengeli-165598.wav,45,45,5352.273,387517.8,5906.25,4312.5
Forpus -Spengeli,Forpus-spengeli-165598.wav,46,46,4945.313,182592.8,5390.625,4359.375
Forpus -Spengeli,Forpus-spengeli-165598.wav,47,47,4538.603,47305.84,4687.5,4078.125
Forpus -Spengeli,Forpus-spengeli-165598.wav,48,48,5384.375,408021.8,6281.25,4687.5
Forpus -Spengeli,Forpus-spengeli-165598.wav,49,49,4989.583,638267.3,6093.75,4171.875
Forpus -Spengeli,Forpus-spengeli-165598.wav,50,50,5135.671,247856.9,5671.875,4171.875
Forpus -Spengeli,Forpus-spengeli-165598.wav,51,51,4638.725,2585757,7171.875,1453.125
Forpus -Spengeli,Forpus-spengeli-165598.wav,52,52,4481.25,247192.4,5296.875,3562.5
Forpus -Spengeli,Forpus-spengeli-165598.wav,53,53,5499.178,25647.62,5718.75,5250
Forpus -Spengeli,Forpus-spengeli-165598.wav,54,54,4251.563,49829.1,4546.875,3796.875
Forpus -Spengeli,Forpus-spengeli-165598.wav,55,55,5342.134,79177.33,5718.75,4828.125
Forpus -Spengeli,Forpus-spengeli-165598.wav,56,56,4131.392,613203.6,5437.5,3140.625
Forpus -Spengeli,Forpus-spengeli-165598.wav,57,57,5229.074,638479,6328.125,3421.875
Forpus -Spengeli,Forpus-spengeli-165598.wav,58,58,3140.625,39550.78,3281.25,2812.5
Forpus -Spengeli,Forpus-spengeli-165598.wav,59,59,5252.679,229025.2,5953.125,4453.125
Forpus -Spengeli,Forpus-spengeli-165598.wav,60,60,4862.97,564963.2,6796.875,3328.125
Forpus -Spengeli,Forpus-spengeli-165598.wav,61,61,5067.708,1077134,7078.125,3562.5
Forpus -Spengeli,Forpus-spengeli-165598.wav,62,62,4476.563,217991.9,5343.75,3562.5
Forpus -Spengeli,Forpus-spengeli-165598.wav,63,63,3619.817,77744.3,3890.625,2625
Forpus -Spengeli,Forpus-spengeli-165598.wav,64,64,4830.393,1731548,6000,1875
Forpus -Spengeli,Forpus-spengeli-165598.wav,65,65,4597.577,1576065,5625,1921.875
Forpus -Spengeli,Forpus-spengeli-165598.wav,66,66,4124.206,1398180,6375,1968.75
Forpus -Spengeli,Forpus-spengeli-165598.wav,67,67,3675,211221.9,4687.5,3046.875
Graydidascalus-brachyuru,Graydidascalus-brachyurus-171043.wav,1,1,1538.086,1695.74,1636.523,1507.324
Graydidascalus-brachyuru,Graydidascalus-brachyurus-171043.wav,2,2,1289.726,6692.16,1421.191,1205.859
Graydidascalus-brachyuru,Graydidascalus-brachyurus-171043.wav,3,3,1696.921,91447.07,2110.254,1119.727
Graydidascalus-brachyuru,Graydidascalus-brachyurus-171043.wav,4,4,854.8682,25238.77,990.5273,301.4648
Graydidascalus-brachyuru,Graydidascalus-brachyurus-171043.wav,5,5,1192.939,35054.12,1464.258,861.3281
Graydidascalus-brachyuru,Graydidascalus-brachyurus-171043.wav,6,6,2723.688,118774.2,3143.848,1722.656
Graydidascalus-brachyuru,Graydidascalus-brachyurus-171043.wav,7,7,2575.098,55890.28,2971.582,2067.188
Graydidascalus-brachyuru,Graydidascalus-brachyurus-171043.wav,8,8,1464.91,10928.12,1851.855,1335.059
Graydidascalus-brachyuru,Graydidascalus-brachyurus-171043.wav,8,9,1449.278,10981.35,1765.723,1291.992
Graydidascalus-brachyuru,Graydidascalus-brachyurus-171043.wav,9,10,1343.993,22404.46,1593.457,732.1289
Graydidascalus-brachyuru,Graydidascalus-brachyurus-171043.wav,10,11,1590.972,33560.42,2067.188,1162.793
Graydidascalus-brachyuru,Graydidascalus-brachyurus-171043.wav,10,12,1576.075,14792.29,1937.988,1119.727
Graydidascalus-brachyuru,Graydidascalus-brachyurus-171043.wav,11,13,1540.342,14631.41,1894.922,1378.125
Graydidascalus-brachyuru,Graydidascalus-brachyurus-171043.wav,12,14,4344.141,13726.73,4737.305,4091.309
Graydidascalus-brachyuru,Graydidascalus-brachyurus-171043.wav,13,15,4200.434,24497.53,4651.172,3875.977
Graydidascalus-brachyuru,Graydidascalus-brachyurus-171043.wav,14,16,2984.968,15951.86,3229.98,2670.117
Graydidascalus-brachyuru,Graydidascalus-brachyurus-171043.wav,15,17,1459.62,3658.604,1550.391,1248.926
Graydidascalus-brachyuru,Graydidascalus-brachyurus-171043.wav,16,18,1699.585,16386.53,1851.855,1464.258
Graydidascalus-brachyuru,Graydidascalus-brachyurus-171043.wav,17,19,1065.425,53486.18,1291.992,473.7305
Graydidascalus-brachyuru,Graydidascalus-brachyurus-171043.wav,18,20,1084.863,147193.7,1679.59,172.2656
Graydidascalus-brachyuru,Graydidascalus-brachyurus-171043.wav,19,21,1245.736,45501.29,1679.59,947.4609
Graydidascalus-brachyuru,Graydidascalus-brachyurus-171043.wav,20,22,1571.924,54684.19,2024.121,1335.059
Graydidascalus-brachyuru,Graydidascalus-brachyurus-171043.wav,21,23,1098.193,28796.9,1550.391,947.4609
Graydidascalus-brachyuru,Graydidascalus-brachyurus-171043.wav,22,24,1163.417,77815.82,1507.324,258.3984
Guaruba-guarouba-119467.wav,Guaruba-guarouba-119467.wav,1,1,1516.895,15662.04,1679.59,1335.059
Guaruba-guarouba-119467.wav,Guaruba-guarouba-119467.wav,2,2,689.0625,124133.4,1248.926,86.13281
Guaruba-guarouba-119467.wav,Guaruba-guarouba-119467.wav,3,3,1163.909,8026.189,1335.059,990.5273
Guaruba-guarouba-119467.wav,Guaruba-guarouba-119467.wav,4,4,1266.488,7726.904,1464.258,947.4609
Guaruba-guarouba-119467.wav,Guaruba-guarouba-119467.wav,5,5,1222.489,6993.303,1550.391,947.4609
Guaruba-guarouba-119467.wav,Guaruba-guarouba-119467.wav,6,6,1164.92,8110.325,1335.059,861.3281
Guaruba-guarouba-119467.wav,Guaruba-guarouba-119467.wav,7,7,1266.107,6398.072,1421.191,990.5273
Guaruba-guarouba-119467.wav,Guaruba-guarouba-119467.wav,8,8,1148.566,11690.14,1335.059,861.3281
Guaruba-guarouba-119467.wav,Guaruba-guarouba-119467.wav,9,9,1089.68,9211.161,1248.926,689.0625
Guaruba-guarouba-119467.wav,Guaruba-guarouba-119467.wav,10,10,841.9482,4427.74,990.5273,559.8633
Guaruba-guarouba-119467.wav,Guaruba-guarouba-119467.wav,11,11,1132.55,4267.093,1335.059,904.3945
Guaruba-guarouba-119467.wav,Guaruba-guarouba-119467.wav,12,12,1170.846,7626.274,1378.125,947.4609
Guaruba-guarouba-119467.wav,Guaruba-guarouba-119467.wav,13,13,1131.615,3829.548,1291.992,990.5273
Guaruba-guarouba-119467.wav,Guaruba-guarouba-119467.wav,14,14,1147.294,11908.01,1378.125,904.3945
Guaruba-guarouba-119467.wav,Guaruba-guarouba-119467.wav,15,15,1096.236,10751.48,1335.059,861.3281
Guaruba-guarouba-119467.wav,Guaruba-guarouba-119467.wav,16,16,1253.232,5977.286,1378.125,1033.594
Guaruba-guarouba-119467.wav,Guaruba-guarouba-119467.wav,17,17,1284.207,4443.467,1464.258,1119.727
Guaruba-guarouba-119467.wav,Guaruba-guarouba-119467.wav,18,18,1289.592,6101.357,1464.258,1033.594
Guaruba-guarouba-119467.wav,Guaruba-guarouba-119467.wav,19,19,1269.541,6011.521,1464.258,1076.66
Guaruba-guarouba-119467.wav,Guaruba-guarouba-119467.wav,20,20,1263.562,4141.715,1464.258,1076.66
Guaruba-guarouba-119467.wav,Guaruba-guarouba-119467.wav,21,21,1248.637,3897.324,1421.191,1076.66
Guaruba-guarouba-119467.wav,Guaruba-guarouba-119467.wav,22,22,1170.753,8971.448,1291.992,947.4609
Guaruba-guarouba-119467.wav,Guaruba-guarouba-119467.wav,23,23,1238.726,2081.625,1291.992,1033.594
Guaruba-guarouba-119467.wav,Guaruba-guarouba-119467.wav,24,24,1249.55,11172.92,1464.258,904.3945
Guaruba-guarouba-119467.wav,Guaruba-guarouba-119467.wav,25,25,1134.88,7550.497,1248.926,904.3945
Guaruba-guarouba-119467.wav,Guaruba-guarouba-119467.wav,26,26,1170.76,16069.43,1378.125,861.3281
Guaruba-guarouba-119467.wav,Guaruba-guarouba-119467.wav,27,27,1204.366,8796.871,1421.191,904.3945
Guaruba-guarouba-119467.wav,Guaruba-guarouba-119467.wav,28,28,1238.159,4618.656,1378.125,1076.66
Guaruba-guarouba-119467.wav,Guaruba-guarouba-119467.wav,29,29,1301.587,7529.175,1421.191,990.5273
Guaruba-guarouba-119467.wav,Guaruba-guarouba-119467.wav,30,30,1276.411,4820.752,1378.125,1076.66
Guaruba-guarouba-119467.wav,Guaruba-guarouba-119467.wav,31,31,1246.918,3271.302,1378.125,1033.594
Guaruba-guarouba-119467.wav,Guaruba-guarouba-119467.wav,32,32,1215.3,16306.95,1464.258,861.3281
Guaruba-guarouba-119467.wav,Guaruba-guarouba-119467.wav,33,33,1239.449,5265.008,1421.191,1033.594
Guaruba-guarouba-119467.wav,Guaruba-guarouba-119467.wav,35,34,1224.224,7241.926,1421.191,1033.594
Guaruba-guarouba-119467.wav,Guaruba-guarouba-119467.wav,35,35,1159.96,8869.769,1335.059,947.4609
Guaruba-guarouba-119467.wav,Guaruba-guarouba-119467.wav,36,36,1264.138,8326.934,1421.191,947.4609
Guaruba-guarouba-119467.wav,Guaruba-guarouba-119467.wav,37,37,1237.28,4628.878,1421.191,1033.594
Guaruba-guarouba-119467.wav,Guaruba-guarouba-119467.wav,38,38,1224.104,4752.171,1335.059,990.5273
Guaruba-guarouba-119467.wav,Guaruba-guarouba-119467.wav,39,39,1246.351,5117.826,1335.059,947.4609
Guaruba-guarouba-119467.wav,Guaruba-guarouba-119467.wav,40,40,1210.602,7749.154,1507.324,904.3945
Guaruba-guarouba-119467.wav,Guaruba-guarouba-119467.wav,41,41,1170.324,3305.922,1291.992,947.4609
Guaruba-guarouba-119467.wav,Guaruba-guarouba-119467.wav,42,42,1264.756,5271.881,1378.125,990.5273
Guaruba-guarouba-119467.wav,Guaruba-guarouba-119467.wav,43,43,1260.365,6054.074,1636.523,1076.66
Guaruba-guarouba-119467.wav,Guaruba-guarouba-119467.wav,44,44,1286.077,3802.208,1421.191,1076.66
Guaruba-guarouba-119467.wav,Guaruba-guarouba-119467.wav,45,45,1213.119,8168.476,1421.191,990.5273
Guaruba-guarouba-119467.wav,Guaruba-guarouba-119467.wav,46,46,1193.306,11362.67,1464.258,818.2617
Guaruba-guarouba-119467.wav,Guaruba-guarouba-119467.wav,47,47,1206.664,9647.352,1378.125,818.2617
Guaruba-guarouba-119467.wav,Guaruba-guarouba-119467.wav,48,48,1179.094,7195.435,1335.059,818.2617
Guaruba-guarouba-119467.wav,Guaruba-guarouba-119467.wav,49,49,1197.847,9607.756,1335.059,904.3945
Guaruba-guarouba-119467.wav,Guaruba-guarouba-119467.wav,50,50,1225.464,3252.464,1378.125,1119.727
Guaruba-guarouba-119467.wav,Guaruba-guarouba-119467.wav,51,51,1226.924,2751.279,1335.059,1076.66
Guaruba-guarouba-119467.wav,Guaruba-guarouba-119467.wav,52,52,1186.876,5717.278,1248.926,775.1953
Guaruba-guarouba-119467.wav,Guaruba-guarouba-119467.wav,53,53,1157.096,6815.642,1378.125,947.4609
Guaruba-guarouba-119467.wav,Guaruba-guarouba-119467.wav,54,54,1190.972,5421.782,1335.059,904.3945
Guaruba-guarouba-119467.wav,Guaruba-guarouba-119467.wav,55,55,1214.811,5462.598,1335.059,1076.66
Guaruba-guarouba-119467.wav,Guaruba-guarouba-119467.wav,56,56,1192.948,9578.007,1421.191,947.4609
Guaruba-guarouba-119467.wav,Guaruba-guarouba-119467.wav,57,57,1194.357,7343.694,1378.125,861.3281
Guaruba-guarouba-119467.wav,Guaruba-guarouba-119467.wav,58,58,1203.457,6349.799,1335.059,947.4609
Guaruba-guarouba-119467.wav,Guaruba-guarouba-119467.wav,59,59,1180.694,7422.45,1378.125,775.1953
Guaruba-guarouba-119467.wav,Guaruba-guarouba-119467.wav,60,60,1203.168,6955.845,1378.125,904.3945
Leptosittaca-branickii-4187.wav,Leptosittaca-branickii-4187.wav,1,1,848.7233,16529.59,990.5273,602.9297
Leptosittaca-branickii-4187.wav,Leptosittaca-branickii-4187.wav,2,2,855.6964,9586.677,990.5273,430.6641
Leptosittaca-branickii-4187.wav,Leptosittaca-branickii-4187.wav,3,3,895.4224,2093.275,990.5273,775.1953
Leptosittaca-branickii-4187.wav,Leptosittaca-branickii-4187.wav,4,4,837.9837,12187.94,1076.66,559.8633
Leptosittaca-branickii-4187.wav,Leptosittaca-branickii-4187.wav,5,5,855.0819,20576.56,1076.66,430.6641
Leptosittaca-branickii-4187.wav,Leptosittaca-branickii-4187.wav,6,6,908.2595,7235.119,1033.594,645.9961
Leptosittaca-branickii-4187.wav,Leptosittaca-branickii-4187.wav,7,7,902.1279,4099.897,1033.594,516.7969
Nannopsittaca-panychlora-22136.wav,Nannopsittaca-panychlora-22136.wav,1,1,4219.669,81693.47,4546.875,3656.25
Nannopsittaca-panychlora-22136.wav,Nannopsittaca-panychlora-22136.wav,2,2,4761.068,73334.6,5578.125,4312.5
Nannopsittaca-panychlora-22136.wav,Nannopsittaca-panychlora-22136.wav,3,3,3167.411,247454,4171.875,2671.875
Nannopsittaca-panychlora-22136.wav,Nannopsittaca-panychlora-22136.wav,4,4,2452.303,162016.3,3328.125,1921.875
Nannopsittaca-panychlora-22136.wav,Nannopsittaca-panychlora-22136.wav,5,5,2343.75,30273.44,2437.5,2015.625
Nannopsittaca-panychlora-22136.wav,Nannopsittaca-panychlora-22136.wav,6,6,2316.406,5376.642,2390.625,2203.125
Nannopsittaca-panychlora-22136.wav,Nannopsittaca-panychlora-22136.wav,7,7,2159.18,17129.52,2343.75,1875
Nannopsittaca-panychlora-22136.wav,Nannopsittaca-panychlora-22136.wav,8,8,1887.784,265469.6,2625,1312.5
Nannopsittaca-panychlora-22136.wav,Nannopsittaca-panychlora-22136.wav,9,9,1698.153,165303.8,2296.875,1031.25
Nannopsittaca-panychlora-22136.wav,Nannopsittaca-panychlora-22136.wav,10,10,2156.25,17578.13,2296.875,1781.25
Nannopsittaca-panychlora-22136.wav,Nannopsittaca-panychlora-22136.wav,11,11,2107.422,8116.349,2250,1921.875
Nannopsittaca-panychlora-22136.wav,Nannopsittaca-panychlora-22136.wav,12,12,2596.875,13281.25,2765.625,2437.5
Nannopsittaca-panychlora-22136.wav,Nannopsittaca-panychlora-22136.wav,13,13,2354.403,2915.42,2437.5,2250
Nannopsittaca-panychlora-22136.wav,Nannopsittaca-panychlora-22136.wav,14,14,2116.776,14224.4,2296.875,1921.875
Nannopsittaca-panychlora-22136.wav,Nannopsittaca-panychlora-22136.wav,15,15,2430.804,56710.38,2906.25,2203.125
Nannopsittaca-panychlora-22136.wav,Nannopsittaca-panychlora-22136.wav,16,16,2367.188,11206.05,2484.375,2250
Nannopsittaca-panychlora-22136.wav,Nannopsittaca-panychlora-22136.wav,17,17,2291.941,58079.77,2625,1921.875
Nannopsittaca-panychlora-22136.wav,Nannopsittaca-panychlora-22136.wav,18,18,2347.098,5227.561,2484.375,2250
Nannopsittaca-panychlora-22136.wav,Nannopsittaca-panychlora-22136.wav,19,19,2232.851,39633.85,2765.625,1921.875
Nannopsittaca-panychlora-22136.wav,Nannopsittaca-panychlora-22136.wav,20,20,2214.844,10174.3,2343.75,1875
Nannopsittaca-panychlora-22136.wav,Nannopsittaca-panychlora-22136.wav,21,21,2712.891,50497.87,3046.875,2484.375
Nannopsittaca-panychlora-22136.wav,Nannopsittaca-panychlora-22136.wav,22,22,2625,66545.76,2906.25,2250
Nannopsittaca-panychlora-22136.wav,Nannopsittaca-panychlora-22136.wav,23,23,1651.042,126770,2156.25,1218.75
Nannopsittaca-panychlora-22136.wav,Nannopsittaca-panychlora-22136.wav,24,24,1328.726,285107,2203.125,609.375
Nannopsittaca-panychlora-22136.wav,Nannopsittaca-panychlora-22136.wav,25,25,2301.563,14379.88,2578.125,2109.375
Nannopsittaca-panychlora-22136.wav,Nannopsittaca-panychlora-22136.wav,26,26,1415.039,198111,2203.125,750
Nannopsittaca-panychlora-22136.wav,Nannopsittaca-panychlora-22136.wav,28,27,1563.616,307146.3,2343.75,609.375
Nannopsittaca-panychlora-22136.wav,Nannopsittaca-panychlora-22136.wav,28,28,1618.75,242285.2,2250,984.375
Nannopsittaca-panychlora-22136.wav,Nannopsittaca-panychlora-22136.wav,29,29,2604.911,21135.6,2812.5,2343.75
Nannopsittaca-panychlora-22136.wav,Nannopsittaca-panychlora-22136.wav,30,30,2156.25,11718.75,2296.875,2015.625
Nannopsittaca-panychlora-22136.wav,Nannopsittaca-panychlora-22136.wav,31,31,1794.643,419468.5,2906.25,1218.75
Nannopsittaca-panychlora-22136.wav,Nannopsittaca-panychlora-22136.wav,32,32,1737.305,165371.7,2343.75,1125
Nestor-meridionalis-326938,Nestor-meridionalis-326938.wav,1,1,919.6334,80523.18,1464.258,559.8633
Nestor-meridionalis-326938,Nestor-meridionalis-326938.wav,2,2,1111.471,56548,1679.59,689.0625
Nestor-meridionalis-326938,Nestor-meridionalis-326938.wav,3,3,1409.044,16882.67,1679.59,1248.926
Nestor-meridionalis-326938,Nestor-meridionalis-326938.wav,4,4,1097.554,284165.2,1765.723,344.5313
Nestor-meridionalis-326938,Nestor-meridionalis-326938.wav,5,5,626.1719,8784.494,775.1953,387.5977
Nestor-meridionalis-326938,Nestor-meridionalis-326938.wav,6,6,981.6932,52792.95,1421.191,559.8633
Nestor-meridionalis-326938,Nestor-meridionalis-326938.wav,7,7,963.3812,13381.91,1162.793,689.0625
Nestor-meridionalis-326938,Nestor-meridionalis-326938.wav,8,8,947.4609,0,947.4609,947.4609
Nestor-meridionalis-326938,Nestor-meridionalis-326938.wav,9,9,1132.031,3002.872,1205.859,1033.594
Nestor-meridionalis-326938,Nestor-meridionalis-326938.wav,10,10,967.2291,2817.546,1119.727,904.3945
Nestor-meridionalis-326938,Nestor-meridionalis-326938.wav,11,11,558.2381,8557.533,904.3945,473.7305
Nestor-meridionalis-326938,Nestor-meridionalis-326938.wav,12,12,645.9961,1854.715,689.0625,602.9297
Nestor-meridionalis-326938,Nestor-meridionalis-326938.wav,13,13,1271.128,32158.58,1636.523,775.1953
Nestor-meridionalis-326938,Nestor-meridionalis-326938.wav,14,14,590.0098,844.9259,645.9961,559.8633
Nestor-meridionalis-326938,Nestor-meridionalis-326938.wav,15,15,867.4805,1671.282,947.4609,818.2617
Nestor-meridionalis-326938,Nestor-meridionalis-326938.wav,16,16,762.2754,1386.156,818.2617,732.1289
Nestor-meridionalis-326938,Nestor-meridionalis-326938.wav,17,17,835.4883,468.5597,861.3281,818.2617
Nestor-meridionalis-326938,Nestor-meridionalis-326938.wav,18,18,765.625,360.6391,775.1953,732.1289
Nestor-meridionalis-326938,Nestor-meridionalis-326938.wav,19,19,748.6929,1093.806,775.1953,689.0625
Nestor-meridionalis-326938,Nestor-meridionalis-326938.wav,20,20,868.5059,1581.963,947.4609,818.2617
Nestor-meridionalis-326938,Nestor-meridionalis-326938.wav,21,21,705.6265,784.6873,732.1289,645.9961
Nestor-meridionalis-326938,Nestor-meridionalis-326938.wav,22,22,1330.77,158992.5,1808.789,602.9297
Nestor-meridionalis-326938,Nestor-meridionalis-326938.wav,23,23,1538.453,27893.23,1679.59,1162.793
Nestor-meridionalis-326938,Nestor-meridionalis-326938.wav,24,24,1917.074,8168.983,2067.188,1765.723
Nestor-meridionalis-326938,Nestor-meridionalis-326938.wav,25,25,1617.612,21289.93,1722.656,1335.059
psilopsiagon-aurifrons 47736,Psilopsiagon-aurifrons-47738.wav,1,1,1475.591,2285.855,1571.924,1421.191
psilopsiagon-aurifrons 47736,Psilopsiagon-aurifrons-47738.wav,2,2,1815.68,192570.5,2863.916,1485.791
psilopsiagon-aurifrons 47736,Psilopsiagon-aurifrons-47738.wav,3,3,1499.494,63879.29,2110.254,1291.992
psilopsiagon-aurifrons 47736,Psilopsiagon-aurifrons-47738.wav,4,4,1701.123,224777.2,2648.584,1291.992
psilopsiagon-aurifrons 47736,Psilopsiagon-aurifrons-47738.wav,6,5,2368.652,576727.3,3596.045,1270.459
psilopsiagon-aurifrons 47736,Psilopsiagon-aurifrons-47738.wav,7,6,2183.601,498704.8,3402.246,1442.725
psilopsiagon-aurifrons 47736,Psilopsiagon-aurifrons-47738.wav,6,7,1707.275,149415,2131.787,1335.059
psilopsiagon-aurifrons 47736,Psilopsiagon-aurifrons-47738.wav,7,8,3091.307,39068.03,3531.445,2863.916
psilopsiagon-aurifrons 47736,Psilopsiagon-aurifrons-47738.wav,8,9,1868.364,158408.1,2497.852,1399.658
psilopsiagon-aurifrons 47736,Psilopsiagon-aurifrons-47738.wav,9,10,1880.071,247972.2,2950.049,1550.391
psilopsiagon-aurifrons 47736,Psilopsiagon-aurifrons-47738.wav,10,11,1196.439,11744.6,1399.658,1076.66
psilopsiagon-aurifrons 47736,Psilopsiagon-aurifrons-47738.wav,12,12,1565.544,457.0737,1636.523,1550.391
psilopsiagon-aurifrons 47736,Psilopsiagon-aurifrons-47738.wav,12,13,1576.379,3390.794,1765.723,1507.324
psilopsiagon-aurifrons 47736,Psilopsiagon-aurifrons-47738.wav,14,14,2141.049,5900.796,2260.986,1937.988
psilopsiagon-aurifrons 47736,Psilopsiagon-aurifrons-47738.wav,14,15,2087.599,9423.611,2260.986,1937.988
psilopsiagon-aurifrons 47736,Psilopsiagon-aurifrons-47738.wav,15,16,1819.699,328402.1,2691.65,861.3281
psilopsiagon-aurifrons 47736,Psilopsiagon-aurifrons-47738.wav,17,17,2189.056,136037.9,2906.982,1679.59
psilopsiagon-aurifrons 47736,Psilopsiagon-aurifrons-47738.wav,17,18,2188.635,90763.75,2842.383,1679.59
psilopsiagon-aurifrons 47736,Psilopsiagon-aurifrons-47738.wav,18,19,1539.624,74701.1,2454.785,1291.992
psilopsiagon-aurifrons 47736,Psilopsiagon-aurifrons-47738.wav,19,20,1452.377,58442.95,2174.854,1270.459
psilopsiagon-aurifrons 47736,Psilopsiagon-aurifrons-47738.wav,20,21,1801.335,79157.11,2347.119,1507.324
psilopsiagon-aurifrons 47736,Psilopsiagon-aurifrons-47738.wav,21,22,1479.411,1170.426,1550.391,1421.191
psilopsiagon-aurifrons 47736,Psilopsiagon-aurifrons-47738.wav,22,23,1570.224,25699.88,1851.855,1378.125
psilopsiagon-aurifrons 47736,Psilopsiagon-aurifrons-47738.wav,23,24,2123.505,20531.95,2282.52,1830.322
psilopsiagon-aurifrons 47736,Psilopsiagon-aurifrons-47738.wav,23,25,2172.645,22105.15,2325.586,1916.455
psilopsiagon-aurifrons 47736,Psilopsiagon-aurifrons-47738.wav,24,26,1677.744,95282.49,2260.986,1464.258
psilopsiagon-aurifrons 47736,Psilopsiagon-aurifrons-47738.wav,25,27,2300.561,85447.92,2885.449,1873.389
psilopsiagon-aurifrons 47736,Psilopsiagon-aurifrons-47738.wav,25,28,2298.47,85857.46,2777.783,1787.256
psilopsiagon-aurifrons 47736,Psilopsiagon-aurifrons-47738.wav,26,29,2178.796,125422.6,2842.383,1335.059
psilopsiagon-aurifrons 47736,Psilopsiagon-aurifrons-47738.wav,27,30,2140.95,87368.07,2583.984,1593.457
psilopsiagon-aurifrons 47736,Psilopsiagon-aurifrons-47738.wav,27,31,2082.211,83474,2583.984,1442.725
psilopsiagon-aurifrons 47736,Psilopsiagon-aurifrons-47738.wav,28,32,1574.252,49659.59,2024.121,1421.191
psilopsiagon-aurifrons 47736,Psilopsiagon-aurifrons-47738.wav,29,33,1675.283,66818.85,2605.518,1507.324
psilopsiagon-aurifrons 47736,Psilopsiagon-aurifrons-47738.wav,30,34,1638.18,11381.72,1894.922,1550.391
psilopsiagon-aurifrons 47736,Psilopsiagon-aurifrons-47738.wav,31,35,1627.023,15601.84,2067.188,1550.391
psilopsiagon-aurifrons 47736,Psilopsiagon-aurifrons-47738.wav,32,36,1319.466,9833.189,1571.924,1184.326
psilopsiagon-aurifrons 47736,Psilopsiagon-aurifrons-47738.wav,33,37,1626.128,60961.2,2110.254,1442.725
psilopsiagon-aurifrons 47736,Psilopsiagon-aurifrons-47738.wav,34,38,1689.985,53807.3,2562.451,1550.391
psilopsiagon-aurifrons 47736,Psilopsiagon-aurifrons-47738.wav,35,39,1671.515,100913.1,2304.053,1399.658
psilopsiagon-aurifrons 47736,Psilopsiagon-aurifrons-47738.wav,36,40,1628.794,106389.6,2691.65,1399.658
psilopsiagon-aurifrons 47736,Psilopsiagon-aurifrons-47738.wav,37,41,2731.128,1375.581,2777.783,2691.65
psilopsiagon-aurifrons 47736,Psilopsiagon-aurifrons-47738.wav,38,42,1627.493,148123,2648.584,1399.658
psilopsiagon-aurifrons 47736,Psilopsiagon-aurifrons-47738.wav,39,43,1560.178,143728.4,2239.453,1248.926
psilopsiagon-aurifrons 47736,Psilopsiagon-aurifrons-47738.wav,40,44,1470.131,22132.13,2131.787,1421.191
psilopsiagon-aurifrons 47736,Psilopsiagon-aurifrons-47738.wav,41,45,1399.658,14211.13,1679.59,1098.193
psilopsiagon-aurifrons 47736,Psilopsiagon-aurifrons-47738.wav,42,46,1603.245,183472.3,2713.184,1313.525
psilopsiagon-aurifrons 47736,Psilopsiagon-aurifrons-47738.wav,43,47,1752.02,299516.5,2928.516,1378.125
psilopsiagon-aurifrons 47736,Psilopsiagon-aurifrons-47738.wav,44,48,1781.873,199424.6,2454.785,1313.525
psilopsiagon-aurifrons 47736,Psilopsiagon-aurifrons-47738.wav,45,49,1486.652,93217.99,2691.65,1335.059
psilopsiagon-aurifrons 47736,Psilopsiagon-aurifrons-47738.wav,46,50,1771.106,267048.8,2670.117,1399.658
psilopsiagon-aurifrons 47736,Psilopsiagon-aurifrons-47738.wav,46,51,1657.288,130911.4,2670.117,1421.191
psilopsiagon-aurifrons 47736,Psilopsiagon-aurifrons-47738.wav,48,52,2924.142,438686.6,4134.375,1507.324
psilopsiagon-aurifrons 47736,Psilopsiagon-aurifrons-47738.wav,48,53,1964.905,254770.1,3143.848,1528.857
psilopsiagon-aurifrons 47736,Psilopsiagon-aurifrons-47738.wav,49,54,1594.995,93591.98,2260.986,1378.125
psilopsiagon-aurifrons 47736,Psilopsiagon-aurifrons-47738.wav,50,55,1507.324,45693.44,2110.254,1356.592
psilopsiagon-aurifrons 47736,Psilopsiagon-aurifrons-47738.wav,51,56,1662.512,140308.5,2196.387,1335.059
psilopsiagon-aurifrons 47736,Psilopsiagon-aurifrons-47738.wav,52,57,1582.292,78339.27,2088.721,1313.525
Pyrrhura-calliptera-12329,Pyrrhura-calliptera-12329.wav,1,1,1991.309,80453.62,2411.719,1421.191
Pyrrhura-calliptera-12329,Pyrrhura-calliptera-12329.wav,2,2,1824.801,872.3894,1851.855,1765.723
Pyrrhura-calliptera-12329,Pyrrhura-calliptera-12329.wav,3,3,1771.106,2034.309,1894.922,1722.656
Pyrrhura-calliptera-12329,Pyrrhura-calliptera-12329.wav,4,4,1591.229,70474.18,2110.254,1291.992
Pyrrhura-calliptera-12329,Pyrrhura-calliptera-12329.wav,5,5,2560.913,81673.72,2885.449,1981.055
Pyrrhura-calliptera-12329,Pyrrhura-calliptera-12329.wav,6,6,1937.047,43880.45,2842.383,1636.523
Pyrrhura-calliptera-12329,Pyrrhura-calliptera-12329.wav,7,7,1992.112,79984.51,2368.652,1507.324
Pyrrhura-calliptera-12329,Pyrrhura-calliptera-12329.wav,9,8,1600.859,18579.81,1722.656,1335.059
Pyrrhura-calliptera-12329,Pyrrhura-calliptera-12329.wav,9,9,1481.668,193461.5,2110.254,645.9961
Pyrrhura-calliptera-12329,Pyrrhura-calliptera-12329.wav,10,10,2192.472,106577.3,2540.918,1507.324
Pyrrhura-calliptera-12329,Pyrrhura-calliptera-12329.wav,11,11,1734.59,1733.175,1765.723,1593.457
Pyrrhura-calliptera-12329,Pyrrhura-calliptera-12329.wav,12,12,1475.024,4195.455,1593.457,1378.125
Pyrrhura-calliptera-12329,Pyrrhura-calliptera-12329.wav,13,13,1830.744,95701.3,2411.719,1464.258
Pyrrhura-calliptera-12329,Pyrrhura-calliptera-12329.wav,14,14,1574.428,70505.47,1894.922,1162.793
Pyrrhura-calliptera-12329,Pyrrhura-calliptera-12329.wav,15,15,1717.163,37587.1,1981.055,1421.191
Pyrrhura-calliptera-12329,Pyrrhura-calliptera-12329.wav,16,16,1629.915,46156.27,2196.387,1378.125
Pyrrhura-calliptera-12329,Pyrrhura-calliptera-12329.wav,17,17,1685.256,2193.12,1722.656,1507.324
Pyrrhura-calliptera-12329,Pyrrhura-calliptera-12329.wav,18,18,1744.03,24190.86,2067.188,1550.391
Pyrrhura-calliptera-12329,Pyrrhura-calliptera-12329.wav,19,19,1543.085,102156,1851.855,947.4609
Pyrrhura-calliptera-12329,Pyrrhura-calliptera-12329.wav,20,20,1841.578,53594.64,2067.188,1291.992
Pyrrhura-calliptera-12329,Pyrrhura-calliptera-12329.wav,21,21,1810.244,78943.13,2067.188,1119.727
Pyrrhura-calliptera-12329,Pyrrhura-calliptera-12329.wav,23,22,1699.688,20896.46,1894.922,1464.258
Pyrrhura-calliptera-12329,Pyrrhura-calliptera-12329.wav,23,23,1845.11,9883.458,1937.988,1464.258
Pyrrhura-calliptera-12329,Pyrrhura-calliptera-12329.wav,24,24,1860.536,50552,2239.453,1378.125
Pyrrhura-calliptera-12329,Pyrrhura-calliptera-12329.wav,25,25,1788.281,5837.584,1981.055,1636.523
Pyrrhura-calliptera-12329,Pyrrhura-calliptera-12329.wav,26,26,1882.889,26424.64,2153.32,1593.457
Pyrrhura-calliptera-12329,Pyrrhura-calliptera-12329.wav,27,27,1834.57,153647.9,2454.785,947.4609
Pyrrhura-calliptera-12329,Pyrrhura-calliptera-12329.wav,28,28,1698.468,74703.11,1937.988,1119.727
Pyrrhura-calliptera-12329,Pyrrhura-calliptera-12329.wav,29,29,1956.314,66031.43,2325.586,1421.191
Pyrrhura-calliptera-12329,Pyrrhura-calliptera-12329.wav,30,30,1718.19,25115.45,2024.121,1378.125
Pyrrhura-calliptera-12329,Pyrrhura-calliptera-12329.wav,31,31,1891.177,43244.28,2110.254,1248.926
Pyrrhura-calliptera-12329,Pyrrhura-calliptera-12329.wav,32,32,1757.452,110435.1,2282.52,990.5273
Pyrrhura-calliptera-12329,Pyrrhura-calliptera-12329.wav,33,33,2429.484,29285.43,2627.051,1851.855
Pyrrhura-calliptera-12329,Pyrrhura-calliptera-12329.wav,34,34,1535.023,69659.31,1981.055,1248.926
Pyrrhura-calliptera-12329,Pyrrhura-calliptera-12329.wav,35,35,1979.097,29608,2153.32,1593.457
Pyrrhura-calliptera-12329,Pyrrhura-calliptera-12329.wav,36,36,1871.564,110561.4,2411.719,1291.992
Pyrrhura-calliptera-12329,Pyrrhura-calliptera-12329.wav,37,37,2212.164,59303.51,2540.918,1593.457
rhynchopsitta-pachyrhyncha,Rhynchopsitta-pachyrhyncha-11206.wav,1,1,435.2949,67352.87,1033.594,43.06641
rhynchopsitta-pachyrhyncha,Rhynchopsitta-pachyrhyncha-11206.wav,2,2,543.7134,54485.2,689.0625,129.1992
rhynchopsitta-pachyrhyncha,Rhynchopsitta-pachyrhyncha-11206.wav,3,3,502.0913,38295.04,775.1953,258.3984
rhynchopsitta-pachyrhyncha,Rhynchopsitta-pachyrhyncha-11206.wav,4,4,655.4612,10172.17,732.1289,344.5313
rhynchopsitta-pachyrhyncha,Rhynchopsitta-pachyrhyncha-11206.wav,5,5,620.874,15074.11,818.2617,215.332
rhynchopsitta-pachyrhyncha,Rhynchopsitta-pachyrhyncha-11206.wav,6,6,589.6183,23302.9,818.2617,258.3984
rhynchopsitta-pachyrhyncha,Rhynchopsitta-pachyrhyncha-11206.wav,7,7,614.1644,31178.36,818.2617,215.332
rhynchopsitta-pachyrhyncha,Rhynchopsitta-pachyrhyncha-11206.wav,8,8,611.3037,34891.47,775.1953,129.1992
rhynchopsitta-pachyrhyncha,Rhynchopsitta-pachyrhyncha-11206.wav,9,9,678.1914,9954.31,990.5273,516.7969
rhynchopsitta-pachyrhyncha,Rhynchopsitta-pachyrhyncha-11206.wav,10,10,669.3237,2833.376,990.5273,516.7969
rhynchopsitta-pachyrhyncha,Rhynchopsitta-pachyrhyncha-11206.wav,11,11,697.1375,1261.695,732.1289,559.8633
rhynchopsitta-pachyrhyncha,Rhynchopsitta-pachyrhyncha-11206.wav,12,12,668.2983,5279.494,861.3281,258.3984
rhynchopsitta-pachyrhyncha,Rhynchopsitta-pachyrhyncha-11206.wav,13,13,746.3266,2804.946,861.3281,602.9297
rhynchopsitta-pachyrhyncha,Rhynchopsitta-pachyrhyncha-11206.wav,14,14,689.0625,7271.953,775.1953,344.5313
rhynchopsitta-pachyrhyncha,Rhynchopsitta-pachyrhyncha-11206.wav,15,15,670.3626,1154.154,732.1289,602.9297
rhynchopsitta-pachyrhyncha,Rhynchopsitta-pachyrhyncha-11206.wav,16,16,615.9086,1941.523,689.0625,516.7969
rhynchopsitta-pachyrhyncha,Rhynchopsitta-pachyrhyncha-11206.wav,17,17,684.1205,3868.744,818.2617,258.3984
rhynchopsitta-pachyrhyncha,Rhynchopsitta-pachyrhyncha-11206.wav,18,18,719.2458,4293.505,947.4609,559.8633
rhynchopsitta-pachyrhyncha,Rhynchopsitta-pachyrhyncha-11206.wav,19,19,716.4684,2096.972,861.3281,559.8633
rhynchopsitta-pachyrhyncha,Rhynchopsitta-pachyrhyncha-11206.wav,20,20,692.8785,1197.95,775.1953,602.9297
rhynchopsitta-pachyrhyncha,Rhynchopsitta-pachyrhyncha-11206.wav,21,21,675.6042,2511.187,775.1953,387.5977
rhynchopsitta-pachyrhyncha,Rhynchopsitta-pachyrhyncha-11206.wav,22,22,690.8203,2941.478,861.3281,559.8633
rhynchopsitta-pachyrhyncha,Rhynchopsitta-pachyrhyncha-11206.wav,23,23,661.435,13289.96,775.1953,215.332
rhynchopsitta-pachyrhyncha,Rhynchopsitta-pachyrhyncha-11206.wav,24,24,686.643,1659.108,775.1953,559.8633
rhynchopsitta-pachyrhyncha,Rhynchopsitta-pachyrhyncha-11206.wav,25,25,716.4318,13136.72,818.2617,258.3984
rhynchopsitta-pachyrhyncha,Rhynchopsitta-pachyrhyncha-11206.wav,26,26,752.9821,2599.094,990.5273,602.9297
rhynchopsitta-pachyrhyncha,Rhynchopsitta-pachyrhyncha-11206.wav,27,27,738.5641,6751.541,861.3281,258.3984
rhynchopsitta-pachyrhyncha,Rhynchopsitta-pachyrhyncha-11206.wav,28,28,659.2473,8718.132,947.4609,301.4648
rhynchopsitta-pachyrhyncha,Rhynchopsitta-pachyrhyncha-11206.wav,29,29,764.0442,1428.483,818.2617,645.9961
rhynchopsitta-pachyrhyncha,Rhynchopsitta-pachyrhyncha-11206.wav,30,30,775.1953,906.7497,818.2617,732.1289
rhynchopsitta-pachyrhyncha,Rhynchopsitta-pachyrhyncha-11206.wav,31,31,754.7496,2019.12,818.2617,602.9297
rhynchopsitta-pachyrhyncha,Rhynchopsitta-pachyrhyncha-11206.wav,32,32,761.4318,3460.064,947.4609,559.8633
rhynchopsitta-pachyrhyncha,Rhynchopsitta-pachyrhyncha-11206.wav,33,33,728.2578,12166.95,818.2617,258.3984
rhynchopsitta-pachyrhyncha,Rhynchopsitta-pachyrhyncha-11206.wav,34,34,697.3169,8020.345,775.1953,344.5313
rhynchopsitta-pachyrhyncha,Rhynchopsitta-pachyrhyncha-11206.wav,35,35,769.186,2276.403,818.2617,689.0625
rhynchopsitta-pachyrhyncha,Rhynchopsitta-pachyrhyncha-11206.wav,36,36,757.8751,3548.816,1033.594,602.9297
rhynchopsitta-pachyrhyncha,Rhynchopsitta-pachyrhyncha-11206.wav,37,37,713.9769,4907.332,1033.594,559.8633
rhynchopsitta-pachyrhyncha,Rhynchopsitta-pachyrhyncha-11206.wav,38,38,710.1894,2870.226,1033.594,559.8633
rhynchopsitta-pachyrhyncha,Rhynchopsitta-pachyrhyncha-11206.wav,39,39,696.5273,1773.175,732.1289,559.8633
rhynchopsitta-pachyrhyncha,Rhynchopsitta-pachyrhyncha-11206.wav,40,40,721.2326,54548.69,1248.926,43.06641
rhynchopsitta-pachyrhyncha,Rhynchopsitta-pachyrhyncha-11206.wav,41,41,730.383,1038.599,775.1953,645.9961
rhynchopsitta-pachyrhyncha,Rhynchopsitta-pachyrhyncha-11206.wav,42,42,707.3886,2851.45,861.3281,473.7305
rhynchopsitta-pachyrhyncha,Rhynchopsitta-pachyrhyncha-11206.wav,43,43,779.0752,2345.357,861.3281,559.8633
rhynchopsitta-pachyrhyncha,Rhynchopsitta-pachyrhyncha-11206.wav,44,44,762.1031,4464.001,947.4609,559.8633
rhynchopsitta-pachyrhyncha,Rhynchopsitta-pachyrhyncha-11206.wav,45,45,727.3025,13894.93,818.2617,301.4648
rhynchopsitta-pachyrhyncha,Rhynchopsitta-pachyrhyncha-11206.wav,46,46,590.9956,29825.33,775.1953,215.332
rhynchopsitta-pachyrhyncha,Rhynchopsitta-pachyrhyncha-11206.wav,47,47,593.7666,31345.58,1033.594,301.4648
Touit-batavicus-272034.wav,Touit-batavicus-272034.wav,1,1,1508.84,27720.24,1851.855,1162.793
Touit-batavicus-272034.wav,Touit-batavicus-272034.wav,2,2,1643.26,5575.785,1765.723,1162.793
Touit-batavicus-272034.wav,Touit-batavicus-272034.wav,3,3,1364.282,13617.29,1550.391,904.3945
Touit-batavicus-272034.wav,Touit-batavicus-272034.wav,4,4,1103.75,926.3769,1162.793,990.5273
Touit-batavicus-272034.wav,Touit-batavicus-272034.wav,5,5,1104.011,1030.209,1205.859,904.3945
Touit-batavicus-272034.wav,Touit-batavicus-272034.wav,6,6,1038.5,2754.981,1119.727,732.1289
Touit-batavicus-272034.wav,Touit-batavicus-272034.wav,7,7,858.3374,5308.708,990.5273,645.9961
Touit-batavicus-272034.wav,Touit-batavicus-272034.wav,8,8,825.2079,3199.748,947.4609,689.0625
Touit-batavicus-272034.wav,Touit-batavicus-272034.wav,9,9,1444.703,5728.602,1679.59,947.4609
Touit-batavicus-272034.wav,Touit-batavicus-272034.wav,10,10,1490.348,3288.657,1550.391,1248.926
Touit-batavicus-272034.wav,Touit-batavicus-272034.wav,11,11,1321.277,1932.494,1507.324,1205.859
Touit-batavicus-272034.wav,Touit-batavicus-272034.wav,12,12,1299.417,5532.86,1421.191,775.1953
Touit-batavicus-272034.wav,Touit-batavicus-272034.wav,13,13,1231.264,12606.42,1378.125,861.3281
Touit-batavicus-272034.wav,Touit-batavicus-272034.wav,14,14,1253.206,2462.25,1378.125,1162.793
Touit-batavicus-272034.wav,Touit-batavicus-272034.wav,15,15,1581.255,8076.419,1765.723,1248.926
Touit-batavicus-272034.wav,Touit-batavicus-272034.wav,16,16,1211.176,5336.494,1335.059,861.3281
Touit-batavicus-272034.wav,Touit-batavicus-272034.wav,17,17,1225.165,1973.703,1335.059,1119.727
Touit-batavicus-272034.wav,Touit-batavicus-272034.wav,18,18,1238.159,2929.468,1335.059,904.3945
Touit-melanonotus,Touit-melanonotus-31239.wav,2,1,2151.34,242058,3100.781,1291.992
Touit-melanonotus,Touit-melanonotus-31239.wav,2,2,2624.141,671322.2,3617.578,1464.258
Touit-melanonotus,Touit-melanonotus-31239.wav,3,3,2513.672,895058.4,3789.844,1119.727
Touit-melanonotus,Touit-melanonotus-31239.wav,4,4,2358.054,562360.6,3574.512,1033.594
Touit-melanonotus,Touit-melanonotus-31239.wav,5,5,1952.344,237465.4,2756.25,1205.859
Touit-melanonotus,Touit-melanonotus-31239.wav,6,6,2120.508,422115.5,2756.25,1033.594
Touit-melanonotus,Touit-melanonotus-31239.wav,7,7,2529.683,607391.5,3660.645,1119.727
Touit-melanonotus,Touit-melanonotus-31239.wav,8,8,2666.037,979726.7,3660.645,1033.594
Touit-melanonotus,Touit-melanonotus-31239.wav,9,9,2719.207,753239.1,3703.711,1205.859
Touit-melanonotus,Touit-melanonotus-31239.wav,10,10,2737.698,748607.7,3617.578,1464.258
Touit-melanonotus,Touit-melanonotus-31239.wav,11,11,2009.522,405134.4,2971.582,1335.059
Touit-melanonotus,Touit-melanonotus-31239.wav,12,12,2429.663,400001.7,3316.113,1507.324
Touit-melanonotus,Touit-melanonotus-31239.wav,13,13,2136.22,162115.4,2540.918,1076.66
Touit-melanonotus,Touit-melanonotus-31239.wav,14,14,2476.103,546814.8,3488.379,1205.859
Touit-melanonotus,Touit-melanonotus-31239.wav,15,15,2059.874,871626,3445.313,861.3281
Touit-melanonotus,Touit-melanonotus-31239.wav,16,16,2730.345,618911.2,3574.512,1119.727
Touit-melanonotus,Touit-melanonotus-31239.wav,17,17,1821.709,275500.9,2540.918,1248.926
Touit-melanonotus,Touit-melanonotus-31239.wav,18,18,2313.942,740088.4,3574.512,904.3945
Touit-melanonotus,Touit-melanonotus-31239.wav,19,19,2156.55,832471.1,3143.848,775.1953
Touit-melanonotus,Touit-melanonotus-31239.wav,20,20,2467.194,701085.7,3402.246,1033.594
Touit-melanonotus,Touit-melanonotus-31239.wav,21,21,1604.108,236986.5,2540.918,1076.66
Touit-melanonotus,Touit-melanonotus-31239.wav,22,22,2461.154,24675.53,2713.184,1937.988
Touit-purpuratus-257676,Touit-purpuratus-257676.wav,1,1,1370.039,13145.4,1550.391,1119.727
Touit-purpuratus-257676,Touit-purpuratus-257676.wav,2,2,1274.582,13520.03,1378.125,1076.66
Touit-purpuratus-257676,Touit-purpuratus-257676.wav,3,3,1624.465,3863.864,1679.59,1507.324
Touit-purpuratus-257676,Touit-purpuratus-257676.wav,4,4,1519.513,26349.61,1851.855,1291.992
Touit-purpuratus-257676,Touit-purpuratus-257676.wav,5,5,1463.078,25346.36,1765.723,1248.926
Touit-purpuratus-257676,Touit-purpuratus-257676.wav,6,6,1379.74,17155.44,1722.656,1205.859
Touit-purpuratus-257676,Touit-purpuratus-257676.wav,7,7,1769.638,5996.913,1851.855,1507.324
Triclaria-malachitacea-4813.wav,Triclaria-malachitacea-4813.wav,1,1,2541.834,9639.708,2670.117,2368.652
Triclaria-malachitacea-4813.wav,Triclaria-malachitacea-4813.wav,2,2,2489.956,10412.83,2756.25,2239.453
Triclaria-malachitacea-4813.wav,Triclaria-malachitacea-4813.wav,3,3,2489.118,13075.99,2799.316,2196.387
Triclaria-malachitacea-4813.wav,Triclaria-malachitacea-4813.wav,5,4,2552.203,8636.995,2842.383,2325.586
Triclaria-malachitacea-4813.wav,Triclaria-malachitacea-4813.wav,5,5,2583.029,11409.55,2928.516,2282.52
Triclaria-malachitacea-4813.wav,Triclaria-malachitacea-4813.wav,6,6,2431.168,47242.07,2799.316,1981.055
Triclaria-malachitacea-4813.wav,Triclaria-malachitacea-4813.wav,7,7,2501.564,14759.31,2713.184,2153.32